{
  "name": "Unlimited Linkedin Leads",
  "nodes": [
    {
      "parameters": {
        "amount": 4
      },
      "type": "n8n-nodes-base.wait",
      "typeVersion": 1.1,
      "position": [
        1740,
        520
      ],
      "id": "41145dd8-6493-4849-a8a9-7964c9487247",
      "name": "Wait",
      "webhookId": "04ae0e7a-04b5-44cc-a917-3fae19f713ec"
    },
    {
      "parameters": {
        "jsCode": "let start = 0;  // Initial page\nconst limit = 100;  // Limit to fetch 500 profiles (adjust as needed)\nconst batchSize = 10;  // Google Search returns 100 results per page\nconst output = [];\n\n// Loop through pages by increments of 100\nwhile (start < limit) {\n  output.push({ json: { start: start } });\n  start += batchSize;  // Increment by 100 for each page\n}\n\nreturn output;\n"
      },
      "id": "3ff6caa0-0283-45a1-8ae3-c1125c1b0d95",
      "name": "Pagination",
      "type": "n8n-nodes-base.code",
      "typeVersion": 2,
      "position": [
        740,
        500
      ]
    },
    {
      "parameters": {
        "options": {}
      },
      "id": "264ae586-87f6-4147-8a43-0d5d38b34be5",
      "name": "Loop Over Items",
      "type": "n8n-nodes-base.splitInBatches",
      "typeVersion": 3,
      "position": [
        960,
        500
      ]
    },
    {
      "parameters": {
        "url": "=https://www.googleapis.com/customsearch/v1?key=AIzaSyAQf35znlJKGIHWnHaSFd-BgUE7UNXAeNk&cx=b33c8698e7ff74291&q={{ $('Google Sheets2').first().json['Loaction Key'] }}&num=10&start={{ $json.start }}\n",
        "sendHeaders": true,
        "headerParameters": {
          "parameters": [
            {
              "name": "User-Agent",
              "value": "Mozilla/5.0 (Windows NT 10.0; Win64; x64) AppleWebKit/537.36 (KHTML, like Gecko) Chrome/58.0.3029.110 Safari/537.3"
            }
          ]
        },
        "options": {}
      },
      "id": "55aa7d27-3969-4d58-8382-4523a5fceefb",
      "name": "Scrape",
      "type": "n8n-nodes-base.httpRequest",
      "typeVersion": 4.2,
      "position": [
        1240,
        520
      ]
    },
    {
      "parameters": {
        "jsCode": "// Get the response data\nconst response = $input.first().json;\nconst items = response.items || [];\n\n// Track pagination info\nlet nextStartIndex = 1;\nif (response.queries && response.queries.nextPage && response.queries.nextPage[0]) {\n  nextStartIndex = response.queries.nextPage[0].startIndex;\n}\n\n// Calculate if we should continue (Google only allows up to 100 results)\nconst hasMoreResults = nextStartIndex <= 100;\n\n// Process the items and include pagination info in each item\nconst results = items.map(item => {\n  const titleParts = item.title.split(\" - \");\n  return {\n    name: titleParts[0] || null,\n    title: titleParts.slice(1).join(\" - \") || null,\n    link: item.link || null,\n    snippet: item.snippet || null,\n    image: item.pagemap?.cse_thumbnail?.[0]?.src || null,\n    // Add pagination info to each item\n    startIndex: nextStartIndex,\n    hasMoreResults: hasMoreResults\n  };\n});\n\n// If there are no results, return at least one item with pagination info\nif (results.length === 0) {\n  return [{ \n    json: {\n      name: null,\n      title: null,\n      link: null,\n      snippet: null,\n      image: null,\n      startIndex: nextStartIndex,\n      hasMoreResults: false\n    }\n  }];\n}\n\n// Return the processed results\nreturn results.map(r => ({ json: r }));"
      },
      "id": "c6d70139-6edd-4cfe-938e-1045192a8496",
      "name": "Code",
      "type": "n8n-nodes-base.code",
      "typeVersion": 2,
      "position": [
        1500,
        520
      ],
      "alwaysOutputData": false
    },
    {
      "parameters": {
        "operation": "append",
        "documentId": {
          "__rl": true,
          "value": "1hPaRoR-JZcldS_gfTm3_o146iNc9nKQF4l_V-svQ6qs",
          "mode": "list",
          "cachedResultName": "Linkdin Outreach (solar)",
          "cachedResultUrl": "https://docs.google.com/spreadsheets/d/1hPaRoR-JZcldS_gfTm3_o146iNc9nKQF4l_V-svQ6qs/edit?usp=drivesdk"
        },
        "sheetName": {
          "__rl": true,
          "value": 1453550326,
          "mode": "list",
          "cachedResultName": "Scraped Leads - Google",
          "cachedResultUrl": "https://docs.google.com/spreadsheets/d/1hPaRoR-JZcldS_gfTm3_o146iNc9nKQF4l_V-svQ6qs/edit#gid=1453550326"
        },
        "columns": {
          "mappingMode": "defineBelow",
          "value": {
            "Name": "={{ $json.name }}",
            "Role": "={{ $json.title }}",
            "Linkedin URL": "={{ $json.link }}",
            "More info": "={{ $json.snippet }}",
            "Profile photo": "={{ $json.image }}",
            "Enriched": "No"
          },
          "matchingColumns": [
            "url"
          ],
          "schema": [
            {
              "id": "Name",
              "displayName": "Name",
              "required": false,
              "defaultMatch": false,
              "display": true,
              "type": "string",
              "canBeUsedToMatch": true,
              "removed": false
            },
            {
              "id": "Role",
              "displayName": "Role",
              "required": false,
              "defaultMatch": false,
              "display": true,
              "type": "string",
              "canBeUsedToMatch": true,
              "removed": false
            },
            {
              "id": "Linkedin URL",
              "displayName": "Linkedin URL",
              "required": false,
              "defaultMatch": false,
              "display": true,
              "type": "string",
              "canBeUsedToMatch": true,
              "removed": false
            },
            {
              "id": "More info",
              "displayName": "More info",
              "required": false,
              "defaultMatch": false,
              "display": true,
              "type": "string",
              "canBeUsedToMatch": true,
              "removed": false
            },
            {
              "id": "Profile photo",
              "displayName": "Profile photo",
              "required": false,
              "defaultMatch": false,
              "display": true,
              "type": "string",
              "canBeUsedToMatch": true,
              "removed": false
            },
            {
              "id": "Enriched",
              "displayName": "Enriched",
              "required": false,
              "defaultMatch": false,
              "display": true,
              "type": "string",
              "canBeUsedToMatch": true,
              "removed": false
            },
            {
              "id": "Company Name",
              "displayName": "Company Name",
              "required": false,
              "defaultMatch": false,
              "display": true,
              "type": "string",
              "canBeUsedToMatch": true,
              "removed": true
            },
            {
              "id": "Location",
              "displayName": "Location",
              "required": false,
              "defaultMatch": false,
              "display": true,
              "type": "string",
              "canBeUsedToMatch": true,
              "removed": true
            },
            {
              "id": "Customer",
              "displayName": "Customer",
              "required": false,
              "defaultMatch": false,
              "display": true,
              "type": "string",
              "canBeUsedToMatch": true,
              "removed": true
            },
            {
              "id": "Status",
              "displayName": "Status",
              "required": false,
              "defaultMatch": false,
              "display": true,
              "type": "string",
              "canBeUsedToMatch": true,
              "removed": true
            }
          ],
          "attemptToConvertTypes": false,
          "convertFieldsToString": false
        },
        "options": {
          "useAppend": true
        }
      },
      "id": "434b969c-d486-4c18-a07d-c7440d69b764",
      "name": "Google Sheets",
      "type": "n8n-nodes-base.googleSheets",
      "typeVersion": 4.5,
      "position": [
        1360,
        320
      ],
      "credentials": {
        "googleSheetsOAuth2Api": {
          "id": "tY0FJBuJ7JTKB0im",
          "name": "N8n X Google"
        }
      }
    },
    {
      "parameters": {
        "conditions": {
          "options": {
            "caseSensitive": true,
            "leftValue": "",
            "typeValidation": "strict",
            "version": 2
          },
          "conditions": [
            {
              "id": "168feb58-694d-4344-b48e-f1b4c6d25822",
              "leftValue": "={{ $json.title }}",
              "rightValue": "",
              "operator": {
                "type": "string",
                "operation": "notEmpty",
                "singleValue": true
              }
            }
          ],
          "combinator": "and"
        },
        "options": {}
      },
      "type": "n8n-nodes-base.filter",
      "typeVersion": 2.2,
      "position": [
        1120,
        320
      ],
      "id": "b31e42d0-f140-479c-bf49-d6efa2f3ec34",
      "name": "Filter"
    },
    {
      "parameters": {},
      "type": "n8n-nodes-base.manualTrigger",
      "typeVersion": 1,
      "position": [
        300,
        500
      ],
      "id": "9e1bbafc-2372-4d89-8828-c2cbf0ee53d7",
      "name": "When clicking ‘Execute workflow’"
    },
    {
      "parameters": {
        "documentId": {
          "__rl": true,
          "value": "1hPaRoR-JZcldS_gfTm3_o146iNc9nKQF4l_V-svQ6qs",
          "mode": "list",
          "cachedResultName": "Linkdin Outreach (solar)",
          "cachedResultUrl": "https://docs.google.com/spreadsheets/d/1hPaRoR-JZcldS_gfTm3_o146iNc9nKQF4l_V-svQ6qs/edit?usp=drivesdk"
        },
        "sheetName": {
          "__rl": true,
          "value": 56062347,
          "mode": "list",
          "cachedResultName": "Location keywords",
          "cachedResultUrl": "https://docs.google.com/spreadsheets/d/1hPaRoR-JZcldS_gfTm3_o146iNc9nKQF4l_V-svQ6qs/edit#gid=56062347"
        },
        "filtersUI": {
          "values": [
            {
              "lookupColumn": "Status",
              "lookupValue": "Scrape"
            }
          ]
        },
        "options": {
          "returnFirstMatch": true
        }
      },
      "type": "n8n-nodes-base.googleSheets",
      "typeVersion": 4.6,
      "position": [
        520,
        500
      ],
      "id": "c5b69d35-c2d6-43f0-b850-ca0ed764b007",
      "name": "Google Sheets2",
      "credentials": {
        "googleSheetsOAuth2Api": {
          "id": "tY0FJBuJ7JTKB0im",
          "name": "N8n X Google"
        }
      }
    },
    {
      "parameters": {
        "operation": "appendOrUpdate",
        "documentId": {
          "__rl": true,
          "value": "1hPaRoR-JZcldS_gfTm3_o146iNc9nKQF4l_V-svQ6qs",
          "mode": "list",
          "cachedResultName": "Linkdin Outreach (solar)",
          "cachedResultUrl": "https://docs.google.com/spreadsheets/d/1hPaRoR-JZcldS_gfTm3_o146iNc9nKQF4l_V-svQ6qs/edit?usp=drivesdk"
        },
        "sheetName": {
          "__rl": true,
          "value": 56062347,
          "mode": "list",
          "cachedResultName": "Location keywords",
          "cachedResultUrl": "https://docs.google.com/spreadsheets/d/1hPaRoR-JZcldS_gfTm3_o146iNc9nKQF4l_V-svQ6qs/edit#gid=56062347"
        },
        "columns": {
          "mappingMode": "defineBelow",
          "value": {
            "Loaction Key": "={{ $('Google Sheets2').first().json['Loaction Key'] }}",
            "Status": "Done"
          },
          "matchingColumns": [
            "Loaction Key"
          ],
          "schema": [
            {
              "id": "Loaction Key",
              "displayName": "Loaction Key",
              "required": false,
              "defaultMatch": false,
              "display": true,
              "type": "string",
              "canBeUsedToMatch": true,
              "removed": false
            },
            {
              "id": "Status",
              "displayName": "Status",
              "required": false,
              "defaultMatch": false,
              "display": true,
              "type": "string",
              "canBeUsedToMatch": true
            }
          ],
          "attemptToConvertTypes": false,
          "convertFieldsToString": false
        },
        "options": {}
      },
      "type": "n8n-nodes-base.googleSheets",
      "typeVersion": 4.6,
      "position": [
        1600,
        320
      ],
      "id": "2247ff2c-5b53-4eeb-b1d6-0571b0fce6cb",
      "name": "Google Sheets1",
      "credentials": {
        "googleSheetsOAuth2Api": {
          "id": "tY0FJBuJ7JTKB0im",
          "name": "N8n X Google"
        }
      }
    }
  ],
  "pinData": {
    "When clicking ‘Execute workflow’": [
      {
        "json": {}
      }
    ]
  },
  "connections": {
    "Wait": {
      "main": [
        [
          {
            "node": "Loop Over Items",
            "type": "main",
            "index": 0
          }
        ]
      ]
    },
    "Pagination": {
      "main": [
        [
          {
            "node": "Loop Over Items",
            "type": "main",
            "index": 0
          }
        ]
      ]
    },
    "Loop Over Items": {
      "main": [
        [
          {
            "node": "Filter",
            "type": "main",
            "index": 0
          }
        ],
        [
          {
            "node": "Scrape",
            "type": "main",
            "index": 0
          }
        ]
      ]
    },
    "Scrape": {
      "main": [
        [
          {
            "node": "Code",
            "type": "main",
            "index": 0
          }
        ]
      ]
    },
    "Code": {
      "main": [
        [
          {
            "node": "Wait",
            "type": "main",
            "index": 0
          }
        ]
      ]
    },
    "Google Sheets": {
      "main": [
        [
          {
            "node": "Google Sheets1",
            "type": "main",
            "index": 0
          }
        ]
      ]
    },
    "Filter": {
      "main": [
        [
          {
            "node": "Google Sheets",
            "type": "main",
            "index": 0
          }
        ]
      ]
    },
    "When clicking ‘Execute workflow’": {
      "main": [
        [
          {
            "node": "Google Sheets2",
            "type": "main",
            "index": 0
          }
        ]
      ]
    },
    "Google Sheets2": {
      "main": [
        [
          {
            "node": "Pagination",
            "type": "main",
            "index": 0
          }
        ]
      ]
    }
  },
  "active": false,
  "settings": {
    "executionOrder": "v1"
  },
  "versionId": "8e8e514b-792d-4545-91d7-7c321486404b",
  "meta": {
    "templateCredsSetupCompleted": true,
    "instanceId": "77f1d8375380ee2bc4995763b4e39528bf040d446fc3e9e5f6d802ec19784049"
  },
  "id": "ptb1JuBPwAhNocQ9",
  "tags": []
}